{
  "resourceType" : "Bundle",
  "id" : "e4516fa2-f31b-4596-bbb3-e2f1e5659d92",
  "meta" : {
    "lastUpdated" : "2024-02-16T12:23:02.020+00:00"
  },
  "type" : "collection",
  "entry" : [{
    "fullUrl" : "http://openhie.org/fhir/zambia-training/ValueSet/vs-key-population-status",
    "resource" : {
      "resourceType" : "ValueSet",
      "text" : {
        "status" : "generated",
        "div" : "<div xmlns=\"http://www.w3.org/1999/xhtml\"><div style=\"border: black 1px dotted; background-color: #EEEEEE; padding: 8px; margin-bottom: 8px\"><p>Expansion based on: </p><ul><li><a href=\"CodeSystem-cs-key-population-status.html\">codesystem Key Population Status v1.0.0 (CodeSystem)</a></li><li>SNOMED CT International edition 01-Sep 2023</li></ul></div><p>This value set contains 7 concepts.</p><table class=\"codes\"><tr><td style=\"white-space:nowrap\"><b>Code</b></td><td><b>System</b></td><td><b>Display</b></td></tr><tr><td style=\"white-space:nowrap\"><a name=\"http---snomed.info-sct-472986005\"> </a>\u00a0\u00a0<a href=\"http://snomed.info/id/472986005\">472986005</a></td><td>http://snomed.info/sct</td><td>Sexually active with men (finding)</td></tr><tr><td style=\"white-space:nowrap\"><a name=\"http---snomed.info-sct-159799000\"> </a>\u00a0\u00a0<a href=\"http://snomed.info/id/159799000\">159799000</a></td><td>http://snomed.info/sct</td><td>Female prostitute</td></tr><tr><td style=\"white-space:nowrap\"><a name=\"http---snomed.info-sct-159800001\"> </a>\u00a0\u00a0<a href=\"http://snomed.info/id/159800001\">159800001</a></td><td>http://snomed.info/sct</td><td>Male prostitute</td></tr><tr><td style=\"white-space:nowrap\"><a name=\"http---snomed.info-sct-228388006\"> </a>\u00a0\u00a0<a href=\"http://snomed.info/id/228388006\">228388006</a></td><td>http://snomed.info/sct</td><td>Injects drugs intravenously</td></tr><tr><td style=\"white-space:nowrap\"><a name=\"http---snomed.info-sct-417284009\"> </a>\u00a0\u00a0<a href=\"http://snomed.info/id/417284009\">417284009</a></td><td>http://snomed.info/sct</td><td>Current drug user (finding)</td></tr><tr><td style=\"white-space:nowrap\"><a name=\"http---snomed.info-sct-407375002\"> </a>\u00a0\u00a0<a href=\"http://snomed.info/id/407375002\">407375002</a></td><td>http://snomed.info/sct</td><td>Surgically transgendered transsexual (finding)</td></tr><tr><td style=\"white-space:nowrap\"><a name=\"http---openhie.org-fhir-zambia-training-CodeSystem-cs-key-population-status-General-Population\"> </a>\u00a0\u00a0<a href=\"CodeSystem-cs-key-population-status.html#cs-key-population-status-General-Population\">General-Population</a></td><td>http://openhie.org/fhir/zambia-training/CodeSystem/cs-key-population-status</td><td>General Population</td></tr></table></div>"
      },
      "url" : "http://openhie.org/fhir/zambia-training/ValueSet/vs-key-population-status",
      "version" : "1.0.0",
      "name" : "VSKeyPopulationSatus",
      "title" : "Key Population Status",
      "status" : "active",
      "experimental" : false,
      "date" : "2024-02-16T12:23:02+00:00",
      "jurisdiction" : [{
        "coding" : [{
          "system" : "http://unstats.un.org/unsd/methods/m49/m49.htm",
          "code" : "001",
          "display" : "World"
        }]
      }],
      "expansion" : {
        "identifier" : "urn:uuid:86780dcc-295e-4c16-aaca-537253fe191e",
        "timestamp" : "2024-02-16T12:23:14+00:00",
        "total" : 7,
        "offset" : 0,
        "parameter" : [{
          "name" : "count",
          "valueInteger" : 1000
        },
        {
          "name" : "offset",
          "valueInteger" : 0
        },
        {
          "name" : "excludeNested",
          "valueBoolean" : false
        },
        {
          "name" : "used-valueset",
          "valueUri" : "null"
        },
        {
          "name" : "used-codesystem",
          "valueUri" : "http://snomed.info/sct|http://snomed.info/sct/900000000000207008/version/20230901"
        },
        {
          "name" : "version",
          "valueUri" : "http://snomed.info/sct|http://snomed.info/sct/900000000000207008/version/20230901"
        },
        {
          "name" : "used-codesystem",
          "valueUri" : "http://openhie.org/fhir/zambia-training/CodeSystem/cs-key-population-status|1.0.0"
        }],
        "contains" : [{
          "system" : "http://snomed.info/sct",
          "code" : "472986005",
          "display" : "Sexually active with men (finding)"
        },
        {
          "system" : "http://snomed.info/sct",
          "code" : "159799000",
          "display" : "Female prostitute"
        },
        {
          "system" : "http://snomed.info/sct",
          "code" : "159800001",
          "display" : "Male prostitute"
        },
        {
          "system" : "http://snomed.info/sct",
          "code" : "228388006",
          "display" : "Injects drugs intravenously"
        },
        {
          "system" : "http://snomed.info/sct",
          "code" : "417284009",
          "display" : "Current drug user (finding)"
        },
        {
          "system" : "http://snomed.info/sct",
          "code" : "407375002",
          "display" : "Surgically transgendered transsexual (finding)"
        },
        {
          "system" : "http://openhie.org/fhir/zambia-training/CodeSystem/cs-key-population-status",
          "code" : "General-Population",
          "display" : "General Population"
        }]
      }
    }
  }]
}