<?xml version="1.0" encoding="UTF-8"?>

<Bundle xmlns="http://hl7.org/fhir">
  <id value="e4516fa2-f31b-4596-bbb3-e2f1e5659d92"/>
  <meta>
    <lastUpdated value="2024-02-16T12:23:02.020+00:00"/>
  </meta>
  <type value="collection"/>
  <entry>
    <fullUrl value="http://openhie.org/fhir/zambia-training/ValueSet/vs-key-population-status"/>
    <resource>
      <ValueSet>
        <text>
          <status value="generated"/>
          <div xmlns="http://www.w3.org/1999/xhtml">
            <div style="border: black 1px dotted; background-color: #EEEEEE; padding: 8px; margin-bottom: 8px">
              <p>Expansion based on: </p>
              <ul>
                <li>
                  <a href="CodeSystem-cs-key-population-status.html">codesystem Key Population Status v1.0.0 (CodeSystem)</a>
                </li>
                <li>SNOMED CT International edition 01-Sep 2023</li>
              </ul>
            </div>
            <p>This value set contains 7 concepts.</p>
            <table class="codes">
              <tr>
                <td style="white-space:nowrap">
                  <b>Code</b>
                </td>
                <td>
                  <b>System</b>
                </td>
                <td>
                  <b>Display</b>
                </td>
              </tr>
              <tr>
                <td style="white-space:nowrap">
                  <a name="http---snomed.info-sct-472986005"> </a>  
                  <a href="http://snomed.info/id/472986005">472986005</a>
                </td>
                <td>http://snomed.info/sct</td>
                <td>Sexually active with men (finding)</td>
              </tr>
              <tr>
                <td style="white-space:nowrap">
                  <a name="http---snomed.info-sct-159799000"> </a>  
                  <a href="http://snomed.info/id/159799000">159799000</a>
                </td>
                <td>http://snomed.info/sct</td>
                <td>Female prostitute</td>
              </tr>
              <tr>
                <td style="white-space:nowrap">
                  <a name="http---snomed.info-sct-159800001"> </a>  
                  <a href="http://snomed.info/id/159800001">159800001</a>
                </td>
                <td>http://snomed.info/sct</td>
                <td>Male prostitute</td>
              </tr>
              <tr>
                <td style="white-space:nowrap">
                  <a name="http---snomed.info-sct-228388006"> </a>  
                  <a href="http://snomed.info/id/228388006">228388006</a>
                </td>
                <td>http://snomed.info/sct</td>
                <td>Injects drugs intravenously</td>
              </tr>
              <tr>
                <td style="white-space:nowrap">
                  <a name="http---snomed.info-sct-417284009"> </a>  
                  <a href="http://snomed.info/id/417284009">417284009</a>
                </td>
                <td>http://snomed.info/sct</td>
                <td>Current drug user (finding)</td>
              </tr>
              <tr>
                <td style="white-space:nowrap">
                  <a name="http---snomed.info-sct-407375002"> </a>  
                  <a href="http://snomed.info/id/407375002">407375002</a>
                </td>
                <td>http://snomed.info/sct</td>
                <td>Surgically transgendered transsexual (finding)</td>
              </tr>
              <tr>
                <td style="white-space:nowrap">
                  <a name="http---openhie.org-fhir-zambia-training-CodeSystem-cs-key-population-status-General-Population"> </a>  
                  <a href="CodeSystem-cs-key-population-status.html#cs-key-population-status-General-Population">General-Population</a>
                </td>
                <td>http://openhie.org/fhir/zambia-training/CodeSystem/cs-key-population-status</td>
                <td>General Population</td>
              </tr>
            </table>
          </div>
        </text>
        <url value="http://openhie.org/fhir/zambia-training/ValueSet/vs-key-population-status"/>
        <version value="1.0.0"/>
        <name value="VSKeyPopulationSatus"/>
        <title value="Key Population Status"/>
        <status value="active"/>
        <experimental value="false"/>
        <date value="2024-02-16T12:23:02+00:00"/>
        <jurisdiction>
          <coding>
            <system value="http://unstats.un.org/unsd/methods/m49/m49.htm"/>
            <code value="001"/>
            <display value="World"/>
          </coding>
        </jurisdiction>
        <expansion>
          <identifier value="urn:uuid:86780dcc-295e-4c16-aaca-537253fe191e"/>
          <timestamp value="2024-02-16T12:23:14+00:00"/>
          <total value="7"/>
          <offset value="0"/>
          <parameter>
            <name value="count"/>
            <valueInteger value="1000"/>
          </parameter>
          <parameter>
            <name value="offset"/>
            <valueInteger value="0"/>
          </parameter>
          <parameter>
            <name value="excludeNested"/>
            <valueBoolean value="false"/>
          </parameter>
          <parameter>
            <name value="used-valueset"/>
            <valueUri value="null"/>
          </parameter>
          <parameter>
            <name value="used-codesystem"/>
            <valueUri value="http://snomed.info/sct|http://snomed.info/sct/900000000000207008/version/20230901"/>
          </parameter>
          <parameter>
            <name value="version"/>
            <valueUri value="http://snomed.info/sct|http://snomed.info/sct/900000000000207008/version/20230901"/>
          </parameter>
          <parameter>
            <name value="used-codesystem"/>
            <valueUri value="http://openhie.org/fhir/zambia-training/CodeSystem/cs-key-population-status|1.0.0"/>
          </parameter>
          <contains>
            <system value="http://snomed.info/sct"/>
            <code value="472986005"/>
            <display value="Sexually active with men (finding)"/>
          </contains>
          <contains>
            <system value="http://snomed.info/sct"/>
            <code value="159799000"/>
            <display value="Female prostitute"/>
          </contains>
          <contains>
            <system value="http://snomed.info/sct"/>
            <code value="159800001"/>
            <display value="Male prostitute"/>
          </contains>
          <contains>
            <system value="http://snomed.info/sct"/>
            <code value="228388006"/>
            <display value="Injects drugs intravenously"/>
          </contains>
          <contains>
            <system value="http://snomed.info/sct"/>
            <code value="417284009"/>
            <display value="Current drug user (finding)"/>
          </contains>
          <contains>
            <system value="http://snomed.info/sct"/>
            <code value="407375002"/>
            <display value="Surgically transgendered transsexual (finding)"/>
          </contains>
          <contains>
            <system value="http://openhie.org/fhir/zambia-training/CodeSystem/cs-key-population-status"/>
            <code value="General-Population"/>
            <display value="General Population"/>
          </contains>
        </expansion>
      </ValueSet>
    </resource>
  </entry>
</Bundle>